code ;presence
5738b;no
5839c;yes
5839a;no
5739c;no
5739a;yes
5939b;no
5839d;no
5839b;no
5940c;no
5940a;no
5840c;no
5840a;no
5740c;no
5740a;no
6240d;no
6240b;no
5940d;no
5940b;no
5840d;no
5840b;no
5740d;no
5740b;no
5640d;no
6341a;no
6241c;no
6241a;no
6141c;no
6141a;yes
6041c;no
6041a;no
5941c;no
5941a;no
5841c;yes
5841a;no
5741c;yes
5741a;no
5641c;no
5641a;yes
6441b;no
6341d;no
6341b;no
6241d;no
6241b;no
6141d;no
6141b;no
6041d;no
6041b;no
5941d;yes
5941b;no
5841d;no
5841b;no
5741d;yes
5741b;no
5641d;no
5641b;no
6542c;yes
6542a;no
6442c;no
6442a;no
6342c;no
6342a;no
6242c;no
6242a;no
6142c;no
6142a;yes
6042c;no
6042a;no
5942c;yes
5942a;no
5842c;yes
5842a;yes
5742c;no
5742a;no
5642c;yes
5642a;no
6642b;no
6542d;no
6542b;no
6442d;no
6442b;no
6342d;no
6342b;no
6242d;no
6242b;no
6142d;no
6142b;no
6042d;no
6042b;no
5942d;yes
5942b;yes
5842d;no
5842b;yes
5742d;yes
5742b;no
5642d;no
5642b;yes
5542d;no
6643a;no
6543c;no
6543a;no
6443c;no
6443a;no
6343c;no
6343a;yes
6243c;no
6243a;yes
6143c;yes
6143a;no
6043c;no
6043a;no
5943c;yes
5943a;yes
5843c;yes
5843a;yes
5743c;yes
5743a;no
5643c;yes
5643a;yes
5543c;yes
6643b;no
6543d;no
6543b;no
6443d;yes
6443b;no
6343d;no
6343b;yes
6243d;yes
6243b;no
6143d;no
6143b;yes
6043d;no
6043b;no
5943d;no
5943b;no
5843d;yes
5843b;no
5743d;yes
5743b;yes
5643d;yes
5643b;no
6744a;no
6644c;no
6644a;no
6544c;yes
6544a;yes
6444c;no
6444a;no
6344c;no
6344a;yes
6244c;no
6244a;no
6144c;no
6144a;yes
6044c;no
6044a;no
5944c;no
5944a;no
5844c;no
5844a;yes
5744c;yes
5744a;yes
5644c;yes
5644a;yes
5544c;no
5544a;no
6744d;no
6744b;no
6644d;no
6644b;no
6544d;no
6544b;yes
6444d;no
6444b;yes
6344d;yes
6344b;no
6244d;no
6244b;yes
6144d;no
6144b;no
6044d;no
6044b;yes
5944d;no
5944b;no
5844d;no
5844b;no
5744d;yes
5744b;yes
5644d;yes
5644b;yes
5544d;yes
5544b;no
6845a;yes
6745c;yes
6745a;yes
6645c;no
6645a;no
6545c;yes
6545a;yes
6445c;yes
6445a;yes
6345c;yes
6345a;no
6245c;no
6245a;no
6145c;no
6145a;no
6045c;no
6045a;yes
5945c;yes
5945a;yes
5845c;no
5845a;yes
5745c;yes
5745a;yes
5645c;yes
5645a;yes
5545c;yes
5545a;no
5445c;no
6845d;no
6845b;no
6745d;no
6745b;no
6645d;no
6645b;no
6545d;yes
6545b;yes
6445d;no
6445b;no
6345d;no
6345b;no
6245d;no
6245b;no
6145d;no
6145b;no
6045d;no
6045b;no
5945d;yes
5945b;yes
5845d;yes
5845b;yes
5745d;yes
5745b;yes
5645d;yes
5645b;no
5545d;yes
5545b;yes
5445d;no
5445b;no
6946a;no
6846c;yes
6846a;no
6746c;no
6746a;no
6646c;no
6646a;no
6546c;no
6546a;yes
6446c;no
6446a;no
6346c;yes
6346a;yes
6246c;no
6246a;yes
6146c;no
6146a;no
6046c;yes
6046a;no
5946c;no
5946a;yes
5846c;no
5846a;no
5746c;yes
5746a;yes
5646c;no
5646a;yes
5546c;no
5546a;yes
5446c;yes
5446a;no
5346c;no
7046b;no
6946d;no
6946b;yes
6846d;yes
6846b;yes
6746d;yes
6746b;yes
6646d;no
6646b;yes
6546d;no
6546b;no
6446d;no
6446b;no
6346d;no
6346b;yes
6246d;no
6246b;yes
6146d;no
6146b;yes
6046d;yes
6046b;no
5946d;no
5946b;no
5846d;yes
5846b;no
5746d;no
5746b;no
5646d;no
5646b;no
5546d;no
5546b;yes
5446d;yes
5446b;no
7047a;no
6947c;no
6947a;yes
6847c;yes
6847a;yes
6747c;yes
6747a;yes
6647c;no
6647a;no
6547c;no
6547a;no
6447c;yes
6447a;yes
6347c;yes
6347a;yes
6247c;no
6247a;yes
6147c;yes
6147a;no
6047c;yes
6047a;no
5947c;no
5947a;no
5847c;no
5847a;no
5747c;no
5747a;yes
5647c;no
5647a;no
5547c;no
5547a;no
5447c;no
5447a;no
5347c;yes
5347a;no
7047b;yes
6947d;no
6947b;no
6847d;yes
6847b;no
6747d;yes
6747b;yes
6647d;yes
6647b;no
6547d;no
6547b;no
6447d;no
6447b;yes
6347d;yes
6347b;yes
6247d;yes
6247b;no
6147d;no
6147b;no
6047d;yes
6047b;no
5947d;no
5947b;yes
5847d;no
5847b;no
5747d;yes
5747b;yes
5647d;yes
5647b;no
5547d;no
5547b;no
5447d;no
5447b;no
5347d;yes
5347b;yes
7048c;no
7048a;yes
6948c;yes
6948a;no
6848c;no
6848a;no
6748c;no
6748a;yes
6648c;yes
6648a;no
6548c;yes
6548a;no
6448c;no
6448a;yes
6348c;yes
6348a;no
6248c;yes
6248a;yes
6148c;no
6148a;no
6048c;yes
6048a;yes
5948c;no
5948a;no
5848c;no
5848a;no
5748c;yes
5748a;yes
5648c;no
5648a;no
5548c;no
5548a;yes
5448c;yes
5448a;no
5348c;yes
5348a;yes
5248c;no
7148d;no
7148b;no
7048d;yes
7048b;yes
6948d;no
6948b;yes
6848d;yes
6848b;no
6748d;no
6748b;yes
6648d;no
6648b;no
6548d;yes
6548b;yes
6448d;yes
6448b;yes
6348d;no
6348b;no
6248d;no
6248b;no
6148d;no
6148b;yes
6048d;yes
6048b;yes
5948d;yes
5948b;yes
5848d;no
5848b;no
5748d;yes
5748b;yes
5648d;no
5648b;no
5548d;yes
5548b;yes
5448d;yes
5448b;yes
5348d;no
5348b;yes
5248d;no
7249a;no
7149c;no
7149a;no
7049c;no
7049a;yes
6949c;yes
6949a;yes
6849c;no
6849a;no
6749c;no
6749a;yes
6649c;yes
6649a;no
6549c;no
6549a;no
6449c;no
6449a;yes
6349c;no
6349a;no
6249c;no
6249a;yes
6149c;no
6149a;no
6049c;yes
6049a;yes
5949c;yes
5949a;yes
5849c;yes
5849a;yes
5749c;yes
5749a;yes
5649c;no
5649a;no
5549c;no
5549a;yes
5449c;yes
5449a;yes
5349c;yes
5349a;no
5249c;no
7249d;yes
7249b;yes
7149d;yes
7149b;yes
7049d;no
7049b;no
6949d;yes
6949b;yes
6849d;no
6849b;no
6749d;yes
6749b;yes
6649d;yes
6649b;yes
6549d;no
6549b;no
6449d;no
6449b;yes
6349d;no
6349b;no
6249d;no
6249b;yes
6149d;yes
6149b;no
6049d;yes
6049b;yes
5949d;yes
5949b;yes
5849d;yes
5849b;yes
5749d;yes
5749b;yes
5649d;yes
5649b;yes
5549d;no
5549b;yes
5449d;yes
5449b;yes
5349d;yes
5349b;no
5249d;no
5249b;yes
7350c;no
7350a;no
7250c;no
7250a;yes
7150c;yes
7150a;yes
7050c;yes
7050a;yes
6950c;yes
6950a;yes
6850c;yes
6850a;no
6750c;yes
6750a;no
6650c;yes
6650a;yes
6550c;no
6550a;no
6450c;yes
6450a;yes
6350c;no
6350a;no
6250c;yes
6250a;yes
6150c;no
6150a;yes
6050c;yes
6050a;yes
5950c;yes
5950a;yes
5850c;yes
5850a;yes
5750c;no
5750a;no
5650c;yes
5650a;yes
5550c;no
5550a;no
5450c;yes
5450a;yes
5350c;yes
5350a;yes
5250c;yes
5250a;no
7350d;no
7350b;no
7250d;no
7250b;no
7150d;yes
7150b;no
7050d;yes
7050b;yes
6950d;yes
6950b;yes
6850d;yes
6850b;yes
6750d;no
6750b;no
6650d;no
6650b;yes
6550d;yes
6550b;yes
6450d;yes
6450b;no
6350d;no
6350b;no
6250d;no
6250b;no
6150d;yes
6150b;yes
6050d;yes
6050b;yes
5950d;yes
5950b;yes
5850d;no
5850b;yes
5750d;no
5750b;no
5650d;no
5650b;yes
5550d;yes
5550b;yes
5450d;yes
5450b;yes
5350d;yes
5350b;yes
5250d;yes
5250b;yes
5150d;no
7351c;no
7351a;no
7251c;no
7251a;yes
7151c;yes
7151a;yes
7051c;yes
7051a;yes
6951c;yes
6951a;no
6851c;no
6851a;yes
6751c;no
6751a;yes
6651c;yes
6651a;yes
6551c;yes
6551a;no
6451c;yes
6451a;no
6351c;yes
6351a;no
6251c;no
6251a;yes
6151c;yes
6151a;yes
6051c;yes
6051a;yes
5951c;yes
5951a;no
5851c;yes
5851a;no
5751c;no
5751a;no
5651c;no
5651a;no
5551c;no
5551a;no
5451c;yes
5451a;yes
5351c;yes
5351a;yes
5251c;yes
5251a;yes
5151c;no
7451b;no
7351d;yes
7351b;no
7251d;no
7251b;yes
7151d;yes
7151b;yes
7051d;yes
7051b;yes
6951d;no
6951b;no
6851d;no
6851b;no
6751d;yes
6751b;yes
6651d;yes
6651b;yes
6551d;no
6551b;yes
6451d;no
6451b;yes
6351d;no
6351b;no
6251d;yes
6251b;yes
6151d;yes
6151b;no
6051d;yes
6051b;yes
5951d;yes
5951b;yes
5851d;yes
5851b;no
5751d;no
5751b;yes
5651d;yes
5651b;no
5551d;yes
5551b;no
5451d;yes
5451b;yes
5351d;yes
5351b;yes
5251d;yes
5251b;no
5151d;no
5151b;no
4951d;no
7452a;yes
7352c;no
7352a;yes
7252c;no
7252a;yes
7152c;yes
7152a;yes
7052c;yes
7052a;yes
6952c;no
6952a;no
6852c;yes
6852a;no
6752c;yes
6752a;yes
6652c;no
6652a;no
6552c;no
6552a;no
6452c;no
6452a;no
6352c;no
6352a;no
6252c;yes
6252a;yes
6152c;yes
6152a;yes
6052c;yes
6052a;yes
5952c;yes
5952a;yes
5852c;yes
5852a;no
5752c;no
5752a;no
5652c;no
5652a;no
5552c;no
5552a;yes
5452c;yes
5452a;yes
5352c;yes
5352a;yes
5252c;yes
5252a;yes
5152c;yes
5152a;no
5052a;no
4952c;no
7352d;no
7352b;no
7252d;no
7252b;yes
7152d;yes
7152b;no
7052d;yes
7052b;no
6952d;no
6952b;yes
6852d;yes
6852b;yes
6752d;yes
6752b;yes
6652d;yes
6652b;no
6552d;yes
6552b;no
6452d;no
6452b;no
6352d;no
6352b;no
6252d;no
6252b;yes
6152d;yes
6152b;yes
6052d;yes
6052b;no
5952d;yes
5952b;no
5852d;no
5852b;yes
5752d;no
5752b;no
5652d;no
5652b;no
5552d;no
5552b;yes
5452d;no
5452b;yes
5352d;yes
5352b;yes
5252d;yes
5252b;yes
5152d;yes
5152b;yes
5052d;no
5052b;yes
4952d;no
7353c;no
7353a;no
7253c;no
7253a;no
7153c;no
7153a;yes
7053c;yes
7053a;no
6953c;no
6953a;no
6853c;yes
6853a;no
6753c;no
6753a;yes
6653c;yes
6653a;yes
6553c;yes
6553a;no
6453c;no
6453a;no
6353c;no
6353a;no
6253c;no
6253a;no
6153c;yes
6153a;yes
6053c;no
6053a;no
5953c;yes
5953a;no
5853c;no
5853a;no
5753c;no
5753a;no
5653c;yes
5653a;yes
5553c;yes
5553a;yes
5453c;yes
5453a;no
5353c;no
5353a;yes
5253c;yes
5253a;yes
5153c;yes
5153a;yes
5053c;yes
5053a;no
7353d;no
7353b;no
7253d;no
7253b;no
7153d;no
7153b;no
7053d;no
7053b;no
6953d;no
6953b;no
6853d;no
6853b;no
6753d;no
6753b;yes
6653d;no
6653b;yes
6553d;yes
6553b;no
6453d;no
6453b;no
6353d;no
6353b;no
6253d;no
6253b;no
6153d;no
6153b;no
6053d;no
6053b;no
5953d;no
5953b;no
5853d;no
5853b;yes
5753d;yes
5753b;no
5653d;yes
5653b;yes
5553d;yes
5553b;yes
5453d;no
5453b;no
5353d;yes
5353b;yes
5253d;yes
5253b;yes
5153d;yes
5153b;yes
7354c;no
7354a;no
7254c;no
7254a;no
7154c;no
7154a;no
7054c;no
7054a;no
6954c;no
6954a;no
6854c;no
6854a;no
6754c;yes
6754a;yes
6654c;yes
6654a;no
6554c;no
6554a;no
6454c;no
6454a;no
6354c;no
6354a;no
6254c;no
6254a;no
6154c;no
6154a;no
6054c;no
6054a;no
5954c;no
5954a;yes
5854c;no
5854a;no
5754c;no
5754a;no
5654c;no
5654a;no
5554c;no
5554a;no
5454c;yes
5454a;yes
5354c;yes
5354a;yes
5254c;yes
5254a;yes
5154c;yes
7254b;yes
7154d;no
7154b;no
7054d;no
7054b;yes
6954d;no
6954b;no
6854d;no
6854b;no
6754d;no
6754b;no
6654d;yes
6654b;no
6554d;yes
6554b;no
6454d;no
6454b;no
6354d;no
6354b;no
6254d;no
6254b;no
6154d;no
6154b;no
6054d;no
6054b;no
5954d;yes
5954b;no
5854d;no
5854b;yes
5754d;no
5754b;no
5654d;no
5654b;yes
5554d;yes
5554b;yes
5454d;yes
5454b;yes
5354d;no
5354b;yes
5254d;no
5254b;no
5154d;no
7155c;no
7155a;no
7055c;no
7055a;no
6955c;no
6955a;no
6855c;no
6855a;no
6755c;no
6755a;no
6655c;no
6655a;no
6555c;no
6555a;no
6455c;no
6455a;no
6355c;no
6355a;no
6255c;yes
6255a;no
6155c;no
6155a;no
6055c;no
6055a;no
5955c;yes
5955a;no
5855c;yes
5855a;yes
5755c;no
5755a;no
5655c;no
5655a;yes
5555c;yes
5555a;yes
5455c;no
5455a;no
5355c;no
5355a;yes
5255c;yes
5255a;yes
5155c;yes
7155d;no
7155b;no
7055d;no
7055b;no
6955d;no
6955b;no
6855d;no
6855b;no
6755d;no
6755b;no
6655d;no
6655b;no
6555d;no
6555b;no
6455d;no
6455b;no
6355d;no
6355b;no
6255d;no
6255b;no
6155d;yes
6155b;no
6055d;no
6055b;no
5955d;no
5955b;no
5855d;yes
5855b;no
5755d;no
5755b;yes
5655d;no
5655b;yes
5555d;yes
5555b;yes
5455d;yes
5455b;no
5355d;yes
5355b;yes
5255d;yes
5255b;yes
5155d;yes
6956c;no
6956a;no
6856c;no
6856a;no
6756c;no
6756a;no
6656c;no
6656a;no
6556c;no
6556a;no
6456c;no
6456a;no
6356c;no
6356a;no
6256c;no
6256a;no
6156c;no
6156a;no
6056c;no
6056a;no
5956c;no
5956a;no
5856c;no
5856a;yes
5756c;no
5756a;yes
5656c;yes
5656a;yes
5556c;yes
5556a;no
5456c;no
5456a;no
5356c;yes
5356a;no
5256c;yes
5256a;no
5156c;no
5156a;yes
5056c;yes
5056a;yes
6956d;no
6956b;no
6856d;no
6856b;no
6756d;no
6756b;no
6656d;no
6656b;no
6556d;no
6556b;no
6456d;no
6456b;no
6356d;no
6356b;no
6256d;yes
6256b;no
6156d;no
6156b;no
6056d;no
6056b;no
5956d;no
5956b;yes
5856d;yes
5856b;no
5756d;no
5756b;yes
5656d;yes
5656b;yes
5556d;yes
5556b;no
5456d;no
5456b;yes
5356d;no
5356b;yes
5256d;no
5256b;no
5156d;no
5156b;yes
5056d;yes
5056b;no
7057a;no
6957c;no
6957a;no
6857c;no
6857a;no
6757c;no
6757a;no
6657c;no
6657a;no
6557c;no
6557a;no
6457c;no
6457a;no
6357c;no
6357a;no
6257c;no
6257a;no
6157c;no
6157a;no
6057c;no
6057a;no
5957c;no
5957a;no
5857c;yes
5857a;no
5757c;yes
5757a;yes
5657c;yes
5657a;yes
5557c;no
5557a;no
5457c;yes
5457a;yes
5357c;yes
5357a;no
5257c;no
5257a;yes
5157c;no
5157a;yes
5057c;no
5057a;no
6957d;no
6957b;no
6857d;no
6857b;no
6757d;no
6757b;no
6657d;no
6657b;no
6557d;no
6557b;no
6457d;no
6457b;no
6357d;no
6357b;no
6257d;no
6257b;no
6157d;no
6157b;no
6057d;no
6057b;no
5957d;no
5957b;yes
5857d;yes
5857b;yes
5757d;yes
5757b;yes
5657d;yes
5657b;yes
5557d;yes
5557b;yes
5457d;no
5457b;yes
5357d;yes
5357b;no
5257d;no
5257b;no
5157d;no
5157b;no
6958c;no
6958a;no
6858c;no
6858a;no
6758c;no
6758a;no
6658c;no
6658a;no
6558c;no
6558a;no
6458c;no
6458a;no
6358c;no
6358a;no
6258c;no
6258a;no
6158c;no
6158a;no
6058c;no
6058a;no
5958c;no
5958a;yes
5858c;yes
5858a;yes
5758c;yes
5758a;yes
5658c;yes
5658a;yes
5558c;yes
5558a;yes
5458c;yes
5458a;yes
5358c;yes
5358a;yes
5258c;yes
5258a;yes
7058b;yes
6958d;yes
6958b;yes
6858d;yes
6858b;yes
6758d;no
6758b;no
6658d;no
6658b;yes
6558d;no
6558b;no
6458d;no
6458b;no
6358d;no
6358b;no
6258d;no
6258b;no
6158d;no
6158b;no
6058d;no
6058b;yes
5958d;no
5958b;yes
5858d;yes
5858b;no
5758d;yes
5758b;no
5658d;yes
5658b;yes
5558d;yes
5558b;no
5458d;yes
5458b;no
5358d;yes
5358b;yes
5258d;yes
5258b;yes
7059c;yes
7059a;no
6959c;no
6959a;no
6859c;no
6859a;no
6759c;no
6759a;no
6659c;yes
6659a;yes
6559c;yes
6559a;no
6459c;no
6459a;no
6359c;no
6359a;no
6259c;no
6259a;no
6159c;no
6159a;no
6059c;no
6059a;no
5959c;no
5959a;no
5859c;yes
5859a;no
5759c;yes
5759a;yes
5659c;yes
5659a;yes
5559c;yes
5559a;no
5459c;no
5459a;no
5359c;yes
5359a;yes
5259c;yes
5259a;yes
7059d;yes
7059b;no
6959d;no
6959b;no
6859d;yes
6859b;no
6759d;no
6759b;no
6659d;no
6659b;yes
6559d;yes
6559b;no
6459d;no
6459b;yes
6359d;yes
6359b;no
6259d;no
6259b;no
6159d;no
6159b;no
6059d;no
6059b;no
5959d;yes
5959b;no
5859d;no
5859b;no
5759d;yes
5759b;yes
5659d;yes
5659b;yes
5559d;yes
5559b;yes
5459d;no
5459b;no
5359d;yes
5359b;yes
5259d;yes
7160a;no
7060c;yes
7060a;no
6960c;no
6960a;no
6860c;no
6860a;no
6760c;yes
6760a;yes
6660c;no
6660a;yes
6560c;no
6560a;no
6460c;no
6460a;yes
6360c;no
6360a;no
6260c;yes
6260a;yes
6160c;yes
6160a;yes
6060c;no
6060a;no
5960c;no
5960a;no
5860c;no
5860a;no
5760c;yes
5760a;yes
5660c;yes
5660a;yes
5560c;no
5560a;yes
5460c;yes
5460a;yes
5360c;yes
5360a;yes
5260c;yes
7160b;yes
7060d;yes
7060b;no
6960d;no
6960b;no
6860d;no
6860b;no
6760d;no
6760b;no
6660d;no
6660b;no
6560d;no
6560b;no
6460d;no
6460b;no
6360d;no
6360b;yes
6260d;no
6260b;no
6160d;yes
6160b;yes
6060d;yes
6060b;no
5960d;yes
5960b;no
5860d;no
5860b;no
5760d;no
5760b;no
5660d;yes
5660b;yes
5560d;no
5560b;no
5460d;no
5460b;yes
5360d;yes
5360b;yes
5260d;yes
7161a;yes
7061c;yes
7061a;no
6961c;no
6961a;no
6861c;no
6861a;yes
6761c;yes
6761a;no
6661c;no
6661a;no
6561c;no
6561a;no
6461c;no
6461a;no
6361c;no
6361a;yes
6261c;yes
6261a;no
6161c;no
6161a;yes
6061c;no
6061a;yes
5961c;no
5961a;yes
5861c;no
5861a;yes
5761c;yes
5761a;no
5661c;yes
5661a;yes
5561c;yes
5561a;no
5461c;no
5461a;no
5361c;yes
5361a;yes
7161d;yes
7161b;yes
7061d;yes
7061b;no
6961d;yes
6961b;yes
6861d;yes
6861b;yes
6761d;no
6761b;no
6661d;no
6661b;no
6561d;no
6561b;no
6461d;no
6461b;no
6361d;no
6361b;no
6261d;yes
6261b;no
6161d;no
6161b;yes
6061d;no
6061b;yes
5961d;no
5961b;yes
5861d;yes
5861b;yes
5761d;yes
5761b;no
5661d;yes
5661b;yes
5561d;no
5561b;no
5461d;yes
5461b;yes
5361d;yes
5361b;yes
7262a;no
7162c;yes
7162a;yes
7062c;yes
7062a;yes
6962c;yes
6962a;yes
6862c;yes
6862a;yes
6762c;no
6762a;no
6662c;no
6662a;no
6562c;no
6562a;no
6462c;no
6462a;no
6362c;no
6362a;no
6262c;no
6262a;no
6162c;yes
6162a;yes
6062c;yes
6062a;yes
5962c;no
5962a;no
5862c;yes
5862a;yes
5762c;yes
5762a;yes
5662c;yes
5662a;yes
5562c;yes
5562a;yes
5462c;yes
5462a;yes
7262b;no
7162d;no
7162b;no
7062d;no
7062b;yes
6962d;yes
6962b;yes
6862d;yes
6862b;yes
6762d;yes
6762b;yes
6662d;no
6662b;no
6562d;no
6562b;no
6462d;no
6462b;no
6362d;yes
6362b;no
6262d;no
6262b;no
6162d;no
6162b;yes
6062d;yes
6062b;yes
5962d;yes
5962b;yes
5862d;yes
5862b;yes
5762d;yes
5762b;yes
5662d;yes
5662b;yes
5562d;yes
5562b;yes
5462d;yes
5462b;yes
5362d;yes
7263a;no
7163c;no
7163a;no
7063c;no
7063a;yes
6963c;no
6963a;yes
6863c;yes
6863a;yes
6763c;no
6763a;no
6663c;no
6663a;no
6563c;no
6563a;no
6463c;no
6463a;no
6363c;no
6363a;yes
6263c;no
6263a;yes
6163c;no
6163a;yes
6063c;yes
6063a;yes
5963c;yes
5963a;yes
5863c;yes
5863a;yes
5763c;yes
5763a;yes
5663c;yes
5663a;yes
5563c;no
5563a;yes
5463c;yes
5463a;yes
5363c;yes
7263b;no
7163d;yes
7163b;no
7063d;no
7063b;yes
6963d;yes
6963b;yes
6863d;yes
6863b;no
6763d;no
6763b;yes
6663d;no
6663b;no
6563d;no
6563b;no
6463d;no
6463b;no
6363d;no
6363b;no
6263d;no
6263b;yes
6163d;yes
6163b;yes
6063d;yes
6063b;yes
5963d;yes
5963b;yes
5863d;yes
5863b;yes
5763d;yes
5763b;yes
5663d;yes
5663b;yes
5463d;yes
5463b;yes
5363d;yes
7264a;no
7164c;no
7164a;no
7064c;no
7064a;no
6964c;yes
6964a;yes
6864c;no
6864a;no
6764c;no
6764a;yes
6664c;no
6664a;yes
6564c;yes
6564a;yes
6464c;yes
6464a;no
6364c;no
6364a;no
6264c;no
6264a;no
6164c;yes
6164a;yes
6064c;no
6064a;yes
5964c;no
5964a;yes
5864c;yes
5864a;yes
5764c;yes
5764a;yes
5664c;yes
5464c;yes
5464a;yes
5364c;yes
7164d;no
7164b;no
7064d;no
7064b;no
6964d;no
6964b;yes
6864d;yes
6864b;yes
6764d;yes
6764b;yes
6664d;yes
6664b;yes
6564d;yes
6564b;no
6464d;no
6464b;no
6364d;no
6364b;no
6264d;no
6264b;no
6164d;yes
6164b;yes
6064d;no
6064b;yes
5964d;yes
5964b;yes
5864d;yes
5864b;yes
5764d;yes
5764b;yes
7165c;no
7165a;no
7065c;no
7065a;no
6965c;no
6965a;no
6865c;yes
6865a;yes
6765c;yes
6765a;yes
6665c;yes
6665a;no
6565c;no
6565a;no
6465c;no
6465a;no
6365c;no
6365a;no
6265c;yes
6265a;no
6165c;yes
6165a;yes
6065c;yes
6065a;no
5965c;no
5965a;yes
5865c;no
5865a;yes
5765c;no
7165d;yes
7165b;yes
7065d;yes
7065b;no
6965d;yes
6965b;no
6865d;no
6865b;no
6765d;no
6765b;yes
6665d;yes
6665b;yes
6565d;no
6565b;yes
6465d;yes
6465b;no
6365d;no
6365b;no
6265d;yes
6265b;no
6165d;no
6165b;no
6065d;yes
6065b;no
5965d;no
5965b;no
7266a;no
7166c;yes
7166a;no
7066c;no
7066a;no
6966c;no
6966a;no
6866c;no
6866a;yes
6766c;yes
6766a;yes
6666c;yes
6666a;yes
6566c;yes
6566a;yes
6466c;yes
6466a;no
6366c;no
6366a;no
6266c;no
6266a;yes
6166c;no
6166a;no
6066c;no
6066a;yes
5966c;no
5966a;no
7266d;yes
7266b;yes
7166d;no
7166b;no
7066d;no
7066b;yes
6966d;yes
6966b;no
6866d;no
6866b;no
6766d;yes
6766b;yes
6666d;yes
6666b;yes
6566d;no
6566b;no
6466d;no
6466b;no
6366d;no
6366b;no
6266d;no
6266b;no
6166d;no
6166b;no
6066d;no
6066b;no
5966d;no
5966b;yes
5866d;yes
7267c;no
7267a;no
7167c;no
7167a;no
7067c;yes
7067a;yes
6967c;yes
6967a;yes
6867c;no
6867a;no
6767c;no
6767a;yes
6667c;yes
6667a;yes
6567c;no
6567a;no
6467c;no
6467a;no
6367c;yes
6367a;yes
6267c;yes
6267a;no
6167c;no
6167a;no
6067c;yes
6067a;no
5967c;no
5967a;no
5867c;no
5867a;yes
7367b;no
7267d;yes
7267b;no
7167d;no
7167b;yes
7067d;yes
7067b;yes
6967d;yes
6967b;yes
6867d;yes
6867b;yes
6767d;no
6767b;no
6667d;yes
6667b;yes
6567d;yes
6567b;no
6467d;yes
6467b;yes
6367d;yes
6367b;yes
6267d;yes
6267b;yes
6167d;yes
6167b;yes
6067d;no
6067b;no
5967d;yes
5967b;no
5867d;no
5867b;no
5767d;no
5667d;yes
5667b;yes
5567d;yes
7268a;no
7168c;no
7168a;yes
7068c;yes
7068a;no
6968c;yes
6968a;yes
6868c;yes
6868a;yes
6768c;yes
6768a;no
6668c;yes
6668a;yes
6568c;yes
6568a;yes
6468c;yes
6468a;yes
6368c;yes
6368a;yes
6268c;yes
6268a;yes
6168c;yes
6168a;no
6068c;no
6068a;no
5968c;no
5968a;yes
5868c;yes
5868a;yes
5768c;yes
5768a;yes
5668c;yes
5668a;yes
7168b;yes
7068d;yes
7068b;no
6968d;yes
6968b;yes
6868d;yes
6868b;yes
6768d;yes
6768b;yes
6668d;no
6668b;no
6568d;no
6568b;no
6468d;yes
6468b;yes
6368d;no
6368b;yes
6268d;yes
6268b;no
6168d;no
6168b;no
6068d;no
6068b;no
5968d;yes
5968b;yes
5868d;yes
5868b;yes
5768d;yes
5768b;yes
5668d;no
5668b;no
7169a;no
7069c;yes
7069a;no
6969c;no
6969a;yes
6869c;yes
6869a;yes
6769c;yes
6769a;yes
6669c;yes
6669a;no
6569c;no
6569a;no
6469c;no
6469a;no
6369c;no
6369a;yes
6269c;yes
6269a;yes
6169c;no
6169a;no
6069c;no
6069a;no
5969c;yes
5969a;yes
5869c;yes
5869a;no
5769c;yes
5769a;yes
5669c;no
7169b;yes
7069d;yes
7069b;no
6969d;yes
6969b;no
6869d;no
6869b;yes
6769d;no
6769b;yes
6669d;yes
6669b;yes
6569d;no
6569b;no
6469d;yes
6469b;no
6369d;no
6369b;no
6269d;no
6269b;yes
6169d;no
6169b;no
6069d;no
6069b;no
5969d;yes
5969b;yes
5869d;yes
5869b;no
5769d;yes
5769b;yes
7170c;yes
7170a;yes
7070c;no
7070a;no
6970c;no
6970a;no
6870c;yes
6870a;yes
6770c;yes
6770a;yes
6670c;no
6670a;yes
6570c;yes
6570a;no
6470c;yes
6470a;yes
6370c;yes
6370a;no
6270c;no
6270a;no
6170c;no
6170a;yes
6070c;no
6070a;no
5970c;yes
5970a;yes
5870c;yes
5870a;yes
5770c;yes
5770a;yes
7170b;yes
7070d;yes
7070b;no
6970d;no
6970b;yes
6870d;no
6870b;no
6770d;no
6770b;yes
6670d;no
6670b;yes
6570d;yes
6570b;yes
6470d;yes
6470b;no
6370d;yes
6370b;no
6270d;yes
6270b;yes
6170d;yes
6170b;no
6070d;yes
6070b;no
5970d;yes
5970b;yes
5870d;yes
5870b;yes
5770d;yes
7171c;yes
7171a;yes
7071c;yes
7071a;yes
6971c;yes
6971a;yes
6871c;yes
6871a;yes
6771c;no
6771a;no
6671c;no
6671a;yes
6571c;yes
6571a;yes
6471c;yes
6471a;yes
6371c;yes
6371a;no
6271c;no
6271a;no
6171c;no
6171a;yes
6071c;yes
6071a;no
5971c;yes
5971a;yes
5871c;yes
5871a;yes
5771c;yes
7171b;yes
7071d;yes
7071b;yes
6971d;yes
6971b;yes
6871d;yes
6871b;yes
6771d;no
6771b;no
6671d;yes
6671b;yes
6571d;yes
6571b;yes
6471d;yes
6471b;yes
6371d;no
6371b;no
6271d;no
6271b;yes
6171d;yes
6171b;yes
6071d;yes
6071b;no
5971d;no
5971b;no
5871d;yes
5871b;yes
5771d;yes
7172a;yes
7072c;yes
7072a;yes
6972c;yes
6972a;yes
6872c;yes
6872a;yes
6772c;yes
6772a;yes
6672c;yes
6672a;yes
6572c;yes
6572a;yes
6472c;yes
6472a;yes
6372c;yes
6372a;no
6272c;no
6272a;no
6172c;yes
6172a;no
6072c;no
6072a;no
5972c;yes
5972a;yes
5772c;yes
5772a;yes
7072d;yes
7072b;yes
6972d;yes
6972b;yes
6872d;yes
6872b;yes
6772d;yes
6772b;yes
6672d;no
6672b;yes
6572d;yes
6572b;yes
6472d;yes
6472b;yes
6372d;no
6372b;yes
6272d;no
6272b;no
6172d;yes
6172b;no
6072d;yes
6072b;no
5972d;no
7073a;yes
6973c;yes
6973a;yes
6873c;yes
6873a;yes
6773c;yes
6773a;yes
6673c;no
6673a;yes
6573c;no
6573a;yes
6473c;yes
6473a;no
6373c;no
6373a;no
6273c;no
6273a;yes
6173c;yes
6173a;yes
6073c;yes
6073a;no
6973d;yes
6973b;yes
6873d;yes
6873b;yes
6773d;yes
6773b;yes
6673d;yes
6673b;yes
6573d;yes
6573b;yes
6473d;yes
6473b;yes
6373d;no
6373b;yes
6273d;no
6273b;no
6173d;no
6173b;no
6073d;yes
6073b;no
6974a;yes
6874c;yes
6874a;yes
6774c;yes
6774a;yes
6674c;yes
6674a;yes
6574c;yes
6574a;no
6474c;yes
6474a;yes
6374c;yes
6374a;no
6274c;no
6274a;no
6174c;no
6174a;no
6074c;no
6074a;yes
5974c;yes
6874b;yes
6774d;no
6774b;yes
6674d;yes
6674b;no
6574d;yes
6574b;yes
6474d;yes
6474b;yes
6374d;yes
6374b;yes
6274d;yes
6274b;no
6174d;no
6174b;no
6074d;no
6074b;yes
6675c;no
6675a;yes
6575c;no
6575a;yes
6475c;yes
6475a;yes
6375c;yes
6375a;no
6275c;yes
6275a;yes
6175c;yes
6175a;yes
6075c;no
6075a;no
6675d;yes
6675b;yes
6575d;no
6575b;yes
6475d;yes
6475b;yes
6375d;no
6375b;yes
6275d;yes
6275b;no
6175d;no
6175b;yes
6075d;no
6676a;yes
6576c;yes
6576a;no
6476c;yes
6476a;yes
6376c;yes
6376a;yes
6276c;no
6276a;no
6176c;no
6176a;no
6076c;no
6576d;no
6576b;no
6476d;yes
6476b;yes
6376d;yes
6376b;no
6276d;no
6276b;no
6176d;no
6176b;no
6477c;no
6477a;no
6377c;no
6377a;no
6277c;no
6277a;no
6177c;no
6177a;no
6477d;yes
6477b;no
6377d;yes
6377b;no
6277d;yes
6478c;yes
6478a;yes
6378c;yes
6378a;yes
6478d;yes
6478b;no
6378d;no
